精金战甲	3
杏黄染（鞋子）	3
杏黄绣（护手）	1
莹白绣（护手）	1
靛蓝绣（护手）	2
铁黑绣（护手）	2
杏黄染（腰带）	1
莹白染（腰带）	1
靛蓝染（腰带）	2
橘红染（腰带）	2
铁黑染（腰带）	2
橘红绣（头部）	3
橘红染（下装）	3
橙红绣（头部）	3
橙红染（下装）	3
吉黄绣（鞋子）	3
吉黄染（鞋子）	3
藏青绣（头部）	3
藏青染（下装）	3
海棠绣（头部）	4
海棠染（下装）	4
海上磨石	1
金刚磨石	2
百炼甲片	2
百炼银甲	2
银龙战甲	3
鬼虎甲片	3
鹅黄绣（护手）	1
净白绣（护手）	1
蓝叶绣（护手）	1
鹅黄染（下装）	2
净白染（下装）	2
蓝叶染（腰带）	1
妃红绣（护手）	2
煤黑绣（护手）	2
妃红染（下装）	1
煤黑染（腰带）	2
煤黑绣（头部）	1
净白绣（头部）	2
鹅黄绣（头部）	2
妃红染（腰带）	1
净白染（腰带）	1
鹅黄染（腰带）	1
墨灰绣（鞋子）	1
墨灰染（鞋子）	1
杏黄绣（鞋子）	3
橘红绣（护手）	2
山水绣染（护手）	1
湛蓝绣染（护手）	1
翠青绣染（下装）	1
山水绣染（头部）	1
铁血绣染（护手）	2
紫碧绣染（下装）	2
铁血绣染（头部）	2
紫碧甲片（腰带）	1
湛蓝甲片（腰带）	1
铁血甲片（上装）	1
紫碧甲片（头部）	1
翠青甲片（腰带）	2
湛蓝甲片（上装）	2
铁血甲片（头部）	2
线刻·金鸣	3
线刻·文壤	3
线刻·涛海	3
线刻·旗偃	3
百鬼磨石	3
杏黄绣（头部）	3
莹白绣（头部）	3
莹白染（下装）	3
藏青染（腰带）	3
藏青绣（护手）	3
岩蓝染（下装）	3
岩蓝绣（头部）	3
杏黄染（下装）	3
岐黄绣（上装）	3
岐黄绣（护手）	3
流纹绣（上装）	3
流纹绣（护手）	3
角砾绣（上装）	3
角砾绣（护手）	3
益元绣（上装）	3
益元绣（护手）	3
云锡绣（上装）	3
云英绣（护手）	3
岐黄染（下装）	3
岐黄染（腰带）	3
流纹染（下装）	3
流纹染（腰带）	3
角砾染（下装）	3
角砾染（腰带）	3
益元染（下装）	3
益元染（腰带）	3
云锡染（下装）	3
云英染（腰带）	3
黑曜绣（上装）	4
黑曜绣（护手）	4
雨花绣（上装）	4
雨花绣（护手）	4
田黄绣（上装）	4
田黄绣（护手）	4
云英绣（上装）	4
云锡绣（护手）	4
黑曜染（下装）	4
黑曜染（腰带）	4
雨花染（下装）	4
雨花染（腰带）	4
田黄染（下装）	4
田黄染（腰带）	4
云英染（下装）	4
云锡染（腰带）	4
青龙绣（上装）	4
青龙绣（护手）	4
白虎绣（上装）	4
白虎绣（护手）	4
朱雀绣（上装）	4
朱雀绣（护手）	4
鬼虎绣（上装）	4
鬼虎绣（护手）	4
青龙染（下装）	4
青龙染（腰带）	4
白虎染（下装）	4
白虎染（腰带）	4
朱雀染（下装）	4
朱雀染（腰带）	4
鬼虎染（下装）	4
鬼虎染（腰带）	4
岐黄甲片（头部）	3
岐黄甲片（鞋子）	3
流纹甲片（头部）	3
流纹甲片（鞋子）	3
角砾甲片（头部）	3
角砾甲片（鞋子）	3
益元甲片（鞋子）	3
益元甲片（头部）	3
云锡甲片（头部）	3
云英甲片（鞋子）	3
磷灰磨石	4
黑曜甲片（头部）	4
黑曜甲片（鞋子）	4
雨花甲片（头部）	4
雨花甲片（鞋子）	4
田黄甲片（头部）	4
田黄甲片（鞋子）	4
云英甲片（头部）	4
云锡甲片（鞋子）	4
巨灵熔锭	4
青龙甲片（头部）	4
青龙甲片（鞋子）	4
白虎甲片（头部）	4
白虎甲片（鞋子）	4
朱雀甲片（头部）	4
朱雀甲片（鞋子）	4
鬼虎甲片（头部）	4
鬼虎甲片（鞋子）	4
鬼虎磨石	4
线刻·金铭	3
线刻·文攘	3
线刻·韬海	3
线刻·旗晏	3
雕纹·玉渊	4
雕纹·铃琅	4
雕纹·梦泽	4
雕纹·展凤	4
辰龙·馈岁	2
辰龙·别岁	2
辰龙·分岁	2
辰龙·守岁	2
霸蜀染（下装）	3
霸蜀染（腰带）	3
霸蜀绣（上装）	3
霸蜀绣（护手）	3
霸蜀甲片（头部）	3
霸蜀甲片（鞋子）	3
线刻·韬光	3
线刻·养晦	3
线刻·偃旗	3
苍海·绣（体质）	4
苍海·纹（体质）	4
苍海·印（力道）	4
苍海·染（力道）	4
苍海·印（元气）	4
苍海·染（元气）	4
苍海·锻（根骨）	4
苍海·铸（根骨）	4
苍海·锻（身法）	4
苍海·铸（身法）	4
雕纹·惊涛	4
雕纹·骇浪	4
明朗·绣（气血）	4
明朗·绣（内力）	4
明朗·绣（气回）	4
明朗·绣（内回）	4
明朗·绣（拆值）	4
明朗·纹（气血）	4
明朗·纹（内力）	4
明朗·纹（气回）	4
明朗·纹（内回）	4
明朗·纹（拆值）	4
明朗·印（疗伤）	4
明朗·染（疗伤）	4
明朗·锻（外功破防）	4
明朗·锻（内功破防）	4
明朗·锻（仇恨）	4
明朗·铸（外功破防）	4
明朗·铸（内功破防）	4
明朗·铸（仇恨）	4
明朗·熔锭（疗伤）	4
新春·别岁	3
新春·分岁	3
新春·馈岁	3
新春·守岁	3
新春·压岁	3
新春·桃符	3
行军·绣（气血）	2
行军·绣（体质）	2
行军·印（内伤）	2
行军·印（外伤）	2
行军·染（内伤）	2
行军·染（外伤）	2
行军·纹（气血）	2
行军·纹（体质）	2
安戎·绣（体质）	3
安戎·绣（气血）	3
安戎·绣（内力）	3
安戎·绣（气回）	3
安戎·绣（内回）	3
安戎·绣（拆值）	3
安戎·绣（闪避）	3
安戎·绣（外防）	3
安戎·绣（内防）	3
安戎·绣（御劲）	3
安戎·绣（化劲）	3
安戎·印（力量）	3
安戎·印（元气）	3
安戎·印（外伤）	3
安戎·印（内伤）	3
安戎·印（疗伤）	3
安戎·印（内会效）	3
安戎·印（外会效）	3
安戎·染（力道）	3
安戎·染（元气）	3
安戎·染（外伤）	3
安戎·染（内伤）	3
安戎·染（疗伤）	3
安戎·染（内会效）	3
安戎·染（外会效）	3
安戎·纹（体质）	3
安戎·纹（气血）	3
安戎·纹（内力）	3
安戎·纹（气回）	3
安戎·纹（内回）	3
安戎·纹（拆值）	3
安戎·纹（闪避）	3
安戎·纹（外防）	3
安戎·纹（内防）	3
安戎·纹（招架）	3
安戎·纹（御劲）	3
安戎·纹（化劲）	3
雅·安戎·绣（体质）	4
雅·安戎·绣（气血）	4
雅·安戎·绣（内力）	4
雅·安戎·绣（气回）	4
雅·安戎·绣（内回）	4
雅·安戎·绣（拆值）	4
雅·安戎·绣（闪避）	4
雅·安戎·绣（外防）	4
雅·安戎·绣（内防）	4
雅·安戎·绣（招架）	4
雅·安戎·绣（御劲）	4
雅·安戎·绣（化劲）	4
雅·安戎·印（力道）	4
雅·安戎·印（元气）	4
雅·安戎·印（外伤）	4
雅·安戎·印（内伤）	4
雅·安戎·印（疗伤）	4
雅·安戎·印（内会效）	4
雅·安戎·印（外会效）	4
雅·安戎·染（力道）	4
雅·安戎·染（元气）	4
雅·安戎·染（外伤）	4
雅·安戎·染（内伤）	4
雅·安戎·染（疗伤）	4
雅·安戎·染（内会效）	4
雅·安戎·染（外会效）	4
雅·安戎·纹（体质）	4
雅·安戎·纹（气血）	4
雅·安戎·纹（内力）	4
雅·安戎·纹（气回）	4
雅·安戎·纹（内回）	4
雅·安戎·纹（拆值）	4
雅·安戎·纹（闪避）	4
雅·安戎·纹（外防）	4
雅·安戎·纹（内防）	4
雅·安戎·纹（招架）	4
雅·安戎·纹（御劲）	4
雅·安戎·纹（化劲）	4
行军·锻（外破）	2
行军·锻（内破）	2
行军·铸（外破）	2
行军·铸（内破）	2
行军·磨石（外伤）	2
行军·磨石（内伤）	2
行军·熔锭（外伤）	2
行军·熔锭（内伤）	2
安戎·锻（根骨）	3
安戎·锻（身法）	3
安戎·锻（外破）	3
安戎·锻（内破）	3
安戎·锻（仇恨）	3
安戎·锻（外会）	3
安戎·锻（内会）	3
安戎·锻（外命）	3
安戎·锻（内命）	3
安戎·锻（无双）	3
安戎·铸（根骨）	3
安戎·铸（身法）	3
安戎·铸（外破）	3
安戎·铸（内破）	3
安戎·铸（仇恨）	3
安戎·铸（外会）	3
安戎·铸（内会）	3
安戎·铸（外命）	3
安戎·铸（内命）	3
安戎·铸（无双）	3
安戎·磨石（外伤）	3
安戎·磨石（内伤）	3
安戎·磨石（疗伤）	3
安戎·磨石（武伤）	3
安戎·熔锭（外伤）	3
安戎·熔锭（内伤）	3
安戎·熔锭（疗伤）	3
安戎·熔锭（武伤）	3
固·安戎·锻（根骨）	4
固·安戎·锻（身法）	4
固·安戎·锻（外破）	4
固·安戎·锻（内破）	4
固·安戎·锻（仇恨）	4
固·安戎·锻（外会）	4
固·安戎·锻（内会）	4
固·安戎·锻（外命）	4
固·安戎·锻（内命）	4
固·安戎·锻（无双）	4
固·安戎·铸（根骨）	4
固·安戎·铸（身法）	4
固·安戎·铸（外破）	4
固·安戎·铸（内破）	4
固·安戎·铸（仇恨）	4
固·安戎·铸（外会）	4
固·安戎·铸（内会）	4
固·安戎·铸（外命）	4
固·安戎·铸（内命）	4
固·安戎·铸（无双）	4
固·安戎·磨石（外伤）	4
固·安戎·磨石（内伤）	4
固·安戎·磨石（疗伤）	4
固·安戎·磨石（武伤）	4
固·安戎·熔锭（外伤）	4
固·安戎·熔锭（内伤）	4
固·安戎·熔锭（疗伤）	4
固·安戎·熔锭（武伤）	4
安戎·绣（招架）	3
安戎·印（力道）	3
安戎·锻（加速）	3
安戎·铸（加速）	3
固·安戎·锻（加速）	4
固·安戎·铸（加速）	4
寻踪觅宝·武器	4
寻踪觅宝·护手	4
寻踪觅宝·腰带	4
寻踪觅宝·上衣	4
寻踪觅宝·鞋子	4
寻踪觅宝·帽子	4
寻踪觅宝·下装	4
苍·安戎·绣（内伤）	4
苍·安戎·染（内伤）	4
苍·安戎·印（内伤）	4
苍·安戎·纹（内伤）	4
苍·安戎·绣（外伤）	4
苍·安戎·染（外伤）	4
苍·安戎·印（外伤）	4
苍·安戎·纹（外伤）	4
苍·安戎·绣（疗伤）	4
苍·安戎·染（疗伤）	4
苍·安戎·印（疗伤）	4
苍·安戎·纹（疗伤）	4
苍·安戎·绣（内破）	4
苍·安戎·绣（外破）	4
苍·安戎·纹（内破）	4
苍·安戎·纹（外破）	4
苍·安戎·锻（内伤）	4
苍·安戎·锻（外伤）	4
苍·安戎·锻（疗伤）	4
苍·安戎·铸（内伤）	4
苍·安戎·铸（外伤）	4
苍·安戎·铸（疗伤）	4
苍·安戎·磨石（内伤）	4
苍·安戎·磨石（外伤）	4
苍·安戎·磨石（疗伤）	4
苍·安戎·磨石（仇恨）	4
剑胆·锻（根骨）	3
剑胆·锻（身法）	3
剑胆·锻（外破）	3
剑胆·锻（内破）	3
剑胆·锻（仇恨）	3
剑胆·锻（外会）	3
剑胆·锻（内会）	3
剑胆·锻（外命）	3
剑胆·锻（内命）	3
剑胆·锻（无双）	3
剑胆·锻（加速）	3
剑胆·铸（根骨）	3
剑胆·铸（身法）	3
剑胆·铸（外破）	3
剑胆·铸（内破）	3
剑胆·铸（仇恨）	3
剑胆·铸（外会）	3
剑胆·铸（内会）	3
剑胆·铸（外命）	3
剑胆·铸（内命）	3
剑胆·铸（无双）	3
剑胆·铸（加速）	3
剑胆·磨石（外伤）	3
剑胆·磨石（内伤）	3
剑胆·磨石（疗伤）	3
剑胆·磨石（武伤）	3
剑胆·熔锭（外伤）	3
剑胆·熔锭（内伤）	3
剑胆·熔锭（疗伤）	3
剑胆·熔锭（武伤）	3
佳·剑胆·锻（根骨）	4
佳·剑胆·锻（身法）	4
佳·剑胆·锻（外破）	4
佳·剑胆·锻（内破）	4
佳·剑胆·锻（仇恨）	4
佳·剑胆·锻（外会）	4
佳·剑胆·锻（内会）	4
佳·剑胆·锻（外命）	4
佳·剑胆·锻（内命）	4
佳·剑胆·锻（无双）	4
佳·剑胆·锻（加速）	4
佳·剑胆·铸（根骨）	4
佳·剑胆·铸（身法）	4
佳·剑胆·铸（外破）	4
佳·剑胆·铸（内破）	4
佳·剑胆·铸（仇恨）	4
佳·剑胆·铸（外会）	4
佳·剑胆·铸（内会）	4
佳·剑胆·铸（外命）	4
佳·剑胆·铸（内命）	4
佳·剑胆·铸（无双）	4
佳·剑胆·铸（加速）	4
佳·剑胆·磨石（外伤）	4
佳·剑胆·磨石（内伤）	4
佳·剑胆·磨石（疗伤）	4
佳·剑胆·磨石（武伤）	4
佳·剑胆·熔锭（外伤）	4
佳·剑胆·熔锭（内伤）	4
佳·剑胆·熔锭（疗伤）	4
佳·剑胆·熔锭（武伤）	4
剑胆·绣（体质）	3
剑胆·绣（气血）	3
剑胆·绣（内力）	3
剑胆·绣（气回）	3
剑胆·绣（内回）	3
剑胆·绣（拆值）	3
剑胆·绣（闪避）	3
剑胆·绣（外防）	3
剑胆·绣（内防）	3
剑胆·绣（招架）	3
剑胆·绣（御劲）	3
剑胆·绣（化劲）	3
剑胆·印（力道）	3
剑胆·印（元气）	3
剑胆·印（外伤）	3
剑胆·印（内伤）	3
剑胆·印（疗伤）	3
剑胆·印（内会效）	3
剑胆·印（外会效）	3
剑胆·染（力道）	3
剑胆·染（元气）	3
剑胆·染（外伤）	3
剑胆·染（内伤）	3
剑胆·染（疗伤）	3
剑胆·染（内会效）	3
剑胆·染（外会效）	3
剑胆·纹（体质）	3
剑胆·纹（气血）	3
剑胆·纹（内力）	3
剑胆·纹（气回）	3
剑胆·纹（内回）	3
剑胆·纹（拆值）	3
剑胆·纹（闪避）	3
剑胆·纹（外防）	3
剑胆·纹（内防）	3
剑胆·纹（招架）	3
剑胆·纹（御劲）	3
剑胆·纹（化劲）	3
佳·剑胆·绣（体质）	4
佳·剑胆·绣（气血）	4
佳·剑胆·绣（内力）	4
佳·剑胆·绣（气回）	4
佳·剑胆·绣（内回）	4
佳·剑胆·绣（拆值）	4
佳·剑胆·绣（闪避）	4
佳·剑胆·绣（外防）	4
佳·剑胆·绣（内防）	4
佳·剑胆·绣（招架）	4
佳·剑胆·绣（御劲）	4
佳·剑胆·绣（化劲）	4
佳·剑胆·印（力道）	4
佳·剑胆·印（元气）	4
佳·剑胆·印（外伤）	4
佳·剑胆·印（内伤）	4
佳·剑胆·印（疗伤）	4
佳·剑胆·印（内会效）	4
佳·剑胆·印（外会效）	4
佳·剑胆·染（力道）	4
佳·剑胆·染（元气）	4
佳·剑胆·染（外伤）	4
佳·剑胆·染（内伤）	4
佳·剑胆·染（疗伤）	4
佳·剑胆·染（内会效）	4
佳·剑胆·染（外会效）	4
佳·剑胆·纹（体质）	4
佳·剑胆·纹（气血）	4
佳·剑胆·纹（内力）	4
佳·剑胆·纹（气回）	4
佳·剑胆·纹（内回）	4
佳·剑胆·纹（拆值）	4
佳·剑胆·纹（闪避）	4
佳·剑胆·纹（外防）	4
佳·剑胆·纹（内防）	4
佳·剑胆·纹（招架）	4
佳·剑胆·纹（御劲）	4
佳·剑胆·纹（化劲）	4
珍·风骨·印（元气）	4
珍·风骨·印（力道）	4
珍·风骨·印（外会效）	4
珍·风骨·印（内会效）	4
珍·风骨·印（疗伤）	4
珍·风骨·染（元气）	4
珍·风骨·染（力道）	4
珍·风骨·染（外会效）	4
珍·风骨·染（内会效）	4
珍·风骨·染（疗伤）	4
珍·风骨·绣（体质）	4
珍·风骨·纹（体质）	4
珍·风骨·锻（根骨）	4
珍·风骨·锻（身法）	4
珍·风骨·锻（外会）	4
珍·风骨·锻（内会）	4
珍·风骨·铸（根骨）	4
珍·风骨·铸（身法）	4
珍·风骨·铸（外会）	4
珍·风骨·铸（内会）	4
珍·风骨·磨石（疗伤）	4
珍·风骨·熔锭（疗伤）	4
珍·风骨·印（外伤）	4
珍·风骨·印（内伤）	4
珍·风骨·染（外伤）	4
珍·风骨·染（内伤）	4
珍·风骨·绣（气血）	4
珍·风骨·绣（招架）	4
珍·风骨·绣（御劲）	4
珍·风骨·绣（闪避）	4
珍·风骨·绣（外防）	4
珍·风骨·绣（内防）	4
珍·风骨·纹（气血）	4
珍·风骨·纹（招架）	4
珍·风骨·纹（御劲）	4
珍·风骨·纹（闪避）	4
珍·风骨·纹（外防）	4
珍·风骨·纹（内防）	4
珍·风骨·锻（外破）	4
珍·风骨·锻（内破）	4
珍·风骨·锻（加速）	4
珍·风骨·铸（外破）	4
珍·风骨·铸（内破）	4
珍·风骨·铸（加速）	4
珍·风骨·磨石（外伤）	4
珍·风骨·磨石（内伤）	4
珍·风骨·磨石（武伤）	4
珍·风骨·熔锭（外伤）	4
珍·风骨·熔锭（内伤）	4
珍·风骨·熔锭（武伤）	4
珍·重制·印（外伤）	4
珍·重制·印（内伤）	4
珍·重制·印（疗伤）	4
珍·重制·印（御劲）	4
珍·重制·印（化劲）	4
珍·重制·印（力道）	4
珍·重制·印（元气）	4
珍·重制·印（外会效）	4
珍·重制·印（内会效）	4
珍·重制·染（外伤）	4
珍·重制·染（内伤）	4
珍·重制·染（疗伤）	4
珍·重制·染（御劲）	4
珍·重制·染（化劲）	4
珍·重制·染（力道）	4
珍·重制·染（元气）	4
珍·重制·染（外会效）	4
珍·重制·染（内会效）	4
珍·重制·绣（体质）	4
珍·重制·绣（招架）	4
珍·重制·绣（御劲）	4
珍·重制·绣（化劲）	4
珍·重制·绣（闪避）	4
珍·重制·绣（外防）	4
珍·重制·绣（内防）	4
珍·重制·纹（体质）	4
珍·重制·纹（招架）	4
珍·重制·纹（御劲）	4
珍·重制·纹（化劲）	4
珍·重制·纹（闪避）	4
珍·重制·纹（外防）	4
珍·重制·纹（内防）	4
珍·重制·锻（外破）	4
珍·重制·锻（内破）	4
珍·重制·锻（加速）	4
珍·重制·锻（外命）	4
珍·重制·锻（内命）	4
珍·重制·锻（无双）	4
珍·重制·锻（根骨）	4
珍·重制·锻（身法）	4
珍·重制·锻（外会）	4
珍·重制·锻（内会）	4
珍·重制·铸（外破）	4
珍·重制·铸（内破）	4
珍·重制·铸（加速）	4
珍·重制·铸（外命）	4
珍·重制·铸（内命）	4
珍·重制·铸（无双）	4
珍·重制·铸（根骨）	4
珍·重制·铸（身法）	4
珍·重制·铸（外会）	4
珍·重制·铸（内会）	4
珍·重制·磨石（疗伤）	4
珍·重制·磨石（外伤）	4
珍·重制·磨石（内伤）	4
珍·重制·磨石（武伤）	4
珍·重制·熔锭（疗伤）	4
珍·重制·熔锭（外伤）	4
珍·重制·熔锭（内伤）	4
珍·重制·熔锭（武伤）	4
烨阳晶石·磨（体质）	4
烨阳晶石·磨（御劲）	4
烨阳晶石·雕（体质）	4
烨阳晶石·雕（化劲）	4
烨阳晶石·刻（根骨）	4
烨阳晶石·刻（力道）	4
烨阳晶石·刻（元气）	4
烨阳晶石·刻（身法）	4
烨阳晶石·刻（外伤）	4
烨阳晶石·刻（内伤）	4
烨阳晶石·刻（外命）	4
烨阳晶石·刻（内命）	4
烨阳晶石·熔（根骨）	4
烨阳晶石·熔（力道）	4
烨阳晶石·熔（元气）	4
烨阳晶石·熔（身法）	4
烨阳晶石·熔（外破）	4
烨阳晶石·熔（内破）	4
烨阳晶石·熔（加速）	4
烨阳晶石·附魔	4
寻踪觅宝·头部	3
仙踪·兵·铸（外伤）	4
仙踪·兵·铸（内伤）	4
仙踪·兵·铸（疗伤）	4
仙踪·兵·铸（武伤）	4
仙踪·兵·铸（仇恨）	4
仙踪·裤·铸（身法）	4
仙踪·裤·铸（元气）	4
仙踪·裤·铸（力道）	4
仙踪·裤·铸（根骨）	4
仙踪·裤·铸（仇恨）	4
仙踪·裤·铸（外破）	4
仙踪·裤·铸（内破）	4
仙踪·裤·铸（会心）	4
仙踪·裤·铸（无双）	4
仙踪·头·铸（外功）	4
仙踪·头·铸（内功）	4
仙踪·头·铸（治疗）	4
仙踪·头·铸（破招）	4
仙踪·头·铸（急速）	4
仙踪·腰·铸（体质）	4
仙踪·腰·铸（气血）	4
仙踪·腰·铸（格挡）	4
仙踪·腰·铸（闪避）	4
仙踪·腰·铸（外防）	4
仙踪·腰·铸（内防）	4
仙踪·腰·铸（招架）	4
仙踪·腰·铸（化劲）	4
仙踪·腰·铸（御劲）	4
仙踪·裤·甲（身法）	3
仙踪·裤·甲（元气）	3
仙踪·裤·甲（力道）	3
仙踪·裤·甲（根骨）	3
仙踪·裤·甲（仇恨）	3
仙踪·裤·甲（外破）	3
仙踪·裤·甲（内破）	3
仙踪·裤·甲（会心）	3
仙踪·裤·甲（无双）	3
仙踪·头·甲（外功）	3
仙踪·头·甲（内功）	3
仙踪·头·甲（治疗）	3
仙踪·头·甲（破招）	3
仙踪·头·甲（急速）	3
仙踪·腰·甲（体质）	3
仙踪·腰·甲（气血）	3
仙踪·腰·甲（格挡）	3
仙踪·腰·甲（闪避）	3
仙踪·腰·甲（外防）	3
仙踪·腰·甲（内防）	3
仙踪·腰·甲（招架）	3
仙踪·腰·甲（化劲）	3
仙踪·腰·甲（御劲）	3
仙踪·兵·甲（外伤）	3
仙踪·兵·甲（内伤）	3
仙踪·兵·甲（疗伤）	3
仙踪·兵·甲（武伤）	3
仙踪·兵·甲（仇恨）	3
仙踪·瀑沙熔锭（外伤）	4
仙踪·坠宵熔锭（内伤）	4
仙踪·絮泊熔锭（疗伤）	4
仙踪·巨灵熔锭（仇恨）	4
仙踪·瀑沙磨石（外伤）	3
仙踪·坠宵磨石（内伤）	3
仙踪·絮泊磨石（疗伤）	3
仙踪·巨灵磨石（仇恨）	3
仙踪·腕·绣（身法）	4
仙踪·腕·绣（元气）	4
仙踪·腕·绣（力道）	4
仙踪·腕·绣（根骨）	4
仙踪·腕·绣（仇恨）	4
仙踪·腕·绣（外破）	4
仙踪·腕·绣（内破）	4
仙踪·腕·绣（会心）	4
仙踪·腕·绣（无双）	4
仙踪·鞋·绣（外功）	4
仙踪·鞋·绣（内功）	4
仙踪·鞋·绣（治疗）	4
仙踪·鞋·绣（破招）	4
仙踪·鞋·绣（急速）	4
仙踪·衣·绣（体质）	4
仙踪·衣·绣（气血）	4
仙踪·衣·绣（格挡）	4
仙踪·衣·绣（闪避）	4
仙踪·衣·绣（外防）	4
仙踪·衣·绣（内防）	4
仙踪·衣·绣（招架）	4
仙踪·衣·绣（化劲）	4
仙踪·衣·绣（御劲）	4
仙踪·腕·染（身法）	3
仙踪·腕·染（元气）	3
仙踪·腕·染（力道）	3
仙踪·腕·染（根骨）	3
仙踪·腕·染（仇恨）	3
仙踪·腕·染（外破）	3
仙踪·腕·染（内破）	3
仙踪·腕·染（会心）	3
仙踪·腕·染（无双）	3
仙踪·鞋·染（外功）	3
仙踪·鞋·染（内功）	3
仙踪·鞋·染（治疗）	3
仙踪·鞋·染（破招）	3
仙踪·鞋·染（急速）	3
仙踪·衣·染（体质）	3
仙踪·衣·染（气血）	3
仙踪·衣·染（格挡）	3
仙踪·衣·染（闪避）	3
仙踪·衣·染（外防）	3
仙踪·衣·染（内防）	3
仙踪·衣·染（招架）	3
仙踪·衣·染（化劲）	3
仙踪·衣·染（御劲）	3
仙踪·鞋·染（跑速）	3
烨阳晶石·项链（体质）	4
烨阳晶石·项链（御劲）	4
烨阳晶石·腰坠（体质）	4
烨阳晶石·腰坠（化劲）	4
烨阳晶石·戒指（根骨）	4
烨阳晶石·戒指（力道）	4
烨阳晶石·戒指（元气）	4
烨阳晶石·戒指（身法）	4
烨阳晶石·戒指（外伤）	4
烨阳晶石·戒指（内伤）	4
烨阳晶石·戒指（外命）	4
烨阳晶石·戒指（内命）	4
烨阳晶石·暗器（根骨）	4
烨阳晶石·暗器（力道）	4
烨阳晶石·暗器（元气）	4
烨阳晶石·暗器（身法）	4
烨阳晶石·暗器（外破）	4
烨阳晶石·暗器（内破）	4
烨阳晶石·暗器（加速）	4
霁月·裤·会心	2
霁月·腕·会心	2
霁月·头·急速	2
霁月·裤·外破	2
霁月·裤·内破	2
霁月·裤·无双	2
霁月·头·外攻	2
霁月·头·内功	2
霁月·头·治疗	2
霁月·腕·外破	2
霁月·腕·内破	2
霁月·腕·无双	2
霁月·衣·化劲	2
霁月·衣·御劲	2
霁月·衣·外防	2
霁月·衣·内防	2
霁月·腰·化劲	2
霁月·腰·御劲	2
霁月·腰·外防	2
霁月·腰·内防	2
霁月·鞋·急速	2
霁月·鞋·破招	2
霁月·鞋·外功	2
霁月·鞋·内功	2
霁月·衣·无双	3
霁月·衣·减仇	3
霁月·腰·无双	3
霁月·腰·减仇	3
仙踪·腰·甲（御劲临时）	3
奉天·瀑沙熔锭（外攻）	4
奉天·坠宵熔锭（内攻）	4
奉天·絮泊熔锭（疗伤）	4
奉天·兵·铸（外攻）	4
奉天·兵·铸（内攻）	4
奉天·兵·铸（疗伤）	4
奉天·兵·铸（武伤）	4
奉天·兵·铸（仇恨）	4
奉天·裤·铸（身法）	4
奉天·裤·铸（元气）	4
奉天·裤·铸（力道）	4
奉天·裤·铸（根骨）	4
奉天·裤·铸（仇恨）	4
奉天·裤·铸（外破）	4
奉天·裤·铸（内破）	4
奉天·裤·铸（会心）	4
奉天·裤·铸（无双）	4
奉天·头·铸（外攻）	4
奉天·头·铸（内攻）	4
奉天·头·铸（治疗）	4
奉天·头·铸（破招）	4
奉天·头·铸（急速）	4
奉天·腰·铸（体质）	4
奉天·腰·铸（气血）	4
奉天·腰·铸（格挡）	4
奉天·腰·铸（闪避）	4
奉天·腰·铸（外防）	4
奉天·腰·铸（内防）	4
奉天·腰·铸（招架）	4
奉天·腰·铸（御劲）	4
奉天·腰·铸（化劲）	4
奉天·裤·甲（身法）	3
奉天·裤·甲（元气）	3
奉天·裤·甲（力道）	3
奉天·裤·甲（根骨）	3
奉天·裤·甲（仇恨）	3
奉天·裤·甲（外破）	3
奉天·裤·甲（内破）	3
奉天·裤·甲（会心）	3
奉天·裤·甲（无双）	3
奉天·头·甲（外攻）	3
奉天·头·甲（内攻）	3
奉天·头·甲（治疗）	3
奉天·头·甲（破招）	3
奉天·头·甲（急速）	3
奉天·腰·甲（体质）	3
奉天·腰·甲（气血）	3
奉天·腰·甲（格挡）	3
奉天·腰·甲（闪避）	3
奉天·腰·甲（外防）	3
奉天·腰·甲（内防）	3
奉天·腰·甲（招架）	3
奉天·腰·甲（化劲）	3
奉天·腰·甲（御劲）	3
奉天·兵·甲（外攻）	3
奉天·兵·甲（内攻）	3
奉天·兵·甲（疗伤）	3
奉天·兵·甲（武伤）	3
奉天·兵·甲（仇恨）	3
奉天·瀑沙磨石（外攻）	3
奉天·坠宵磨石（内攻）	3
奉天·絮泊磨石（疗伤）	3
奉天·巨灵磨石（仇恨）	3
奉天·腕·绣（身法）	4
奉天·腕·绣（元气）	4
奉天·腕·绣（力道）	4
奉天·腕·绣（根骨）	4
奉天·腕·绣（仇恨）	4
奉天·腕·绣（外破）	4
奉天·腕·绣（内破）	4
奉天·腕·绣（会心）	4
奉天·腕·绣（无双）	4
奉天·鞋·绣（外攻）	4
奉天·鞋·绣（内攻）	4
奉天·鞋·绣（治疗）	4
奉天·鞋·绣（破招）	4
奉天·鞋·绣（急速）	4
奉天·衣·绣（体质）	4
奉天·衣·绣（气血）	4
奉天·衣·绣（格挡）	4
奉天·衣·绣（闪避）	4
奉天·衣·绣（外防）	4
奉天·衣·绣（内防）	4
奉天·衣·绣（招架）	4
奉天·衣·绣（化劲）	4
奉天·衣·绣（御劲）	4
奉天·腕·染（身法）	3
奉天·腕·染（元气）	3
奉天·腕·染（力道）	3
奉天·腕·染（根骨）	3
奉天·腕·染（仇恨）	3
奉天·腕·染（外破）	3
奉天·腕·染（内破）	3
奉天·腕·染（会心）	3
奉天·腕·染（无双）	3
奉天·鞋·染（外攻）	3
奉天·鞋·染（内攻）	3
奉天·鞋·染（治疗）	3
奉天·鞋·染（破招）	3
奉天·鞋·染（急速）	3
奉天·衣·染（体质）	3
奉天·衣·染（气血）	3
奉天·衣·染（格挡）	3
奉天·衣·染（闪避）	3
奉天·衣·染（外防）	3
奉天·衣·染（内防）	3
奉天·衣·染（招架）	3
奉天·衣·染（化劲）	3
奉天·衣·染（御劲）	3
奉天·鞋·染（跑速）	3
阴山鬼晶·项链（体质）	4
阴山鬼晶·项链（御劲）	4
阴山鬼晶·腰坠（体质）	4
阴山鬼晶·腰坠（化劲）	4
阴山鬼晶·戒指（根骨）	4
阴山鬼晶·戒指（力道）	4
阴山鬼晶·戒指（元气）	4
阴山鬼晶·戒指（身法）	4
阴山鬼晶·戒指（外伤）	4
阴山鬼晶·戒指（内伤）	4
阴山鬼晶·戒指（破招）	4
阴山鬼晶·暗器（根骨）	4
阴山鬼晶·暗器（力道）	4
阴山鬼晶·暗器（元气）	4
阴山鬼晶·暗器（身法）	4
阴山鬼晶·暗器（外破）	4
阴山鬼晶·暗器（内破）	4
阴山鬼晶·暗器（加速）	4
云扇·裤·会心	3
云扇·腕·会心	3
云扇·头·急速	3
云扇·裤·外破	3
云扇·裤·内破	3
云扇·裤·无双	3
云扇·头·外攻	3
云扇·头·内攻	3
云扇·头·治疗	3
云扇·腕·外破	3
云扇·腕·内破	3
云扇·腕·无双	3
云扇·衣·化劲	3
云扇·衣·御劲	3
云扇·衣·外防	3
云扇·衣·内防	3
云扇·腰·化劲	3
云扇·腰·御劲	3
云扇·腰·外防	3
云扇·腰·内防	3
云扇·鞋·急速	3
云扇·鞋·破招	3
云扇·鞋·外功	3
云扇·鞋·内功	3
云扇·衣·无双	3
云扇·衣·减仇	3
云扇·腰·无双	3
云扇·腰·减仇	3
奉天·巨灵熔锭（仇恨）	4
断浪·瀑沙熔锭（外攻）	4
断浪·坠宵熔锭（内攻）	4
断浪·絮泊熔锭（疗伤）	4
断浪·巨灵熔锭（仇恨）	4
断浪·兵·铸（外攻）	4
断浪·兵·铸（内攻）	4
断浪·兵·铸（疗伤）	4
断浪·兵·铸（武伤）	4
断浪·兵·铸（仇恨）	4
断浪·裤·铸（身法）	4
断浪·裤·铸（元气）	4
断浪·裤·铸（力道）	4
断浪·裤·铸（根骨）	4
断浪·裤·铸（仇恨）	4
断浪·裤·铸（外破）	4
断浪·裤·铸（内破）	4
断浪·裤·铸（会心）	4
断浪·裤·铸（无双）	4
断浪·头·铸（外攻）	4
断浪·头·铸（内攻）	4
断浪·头·铸（治疗）	4
断浪·头·铸（破招）	4
断浪·头·铸（急速）	4
断浪·腰·铸（体质）	4
断浪·腰·铸（气血）	4
断浪·腰·铸（格挡）	4
断浪·腰·铸（闪避）	4
断浪·腰·铸（外防）	4
断浪·腰·铸（内防）	4
断浪·腰·铸（招架）	4
断浪·腰·铸（御劲）	4
断浪·腰·铸（化劲）	4
断浪·裤·甲（身法）	3
断浪·裤·甲（元气）	3
断浪·裤·甲（力道）	3
断浪·裤·甲（根骨）	3
断浪·裤·甲（仇恨）	3
断浪·裤·甲（外破）	3
断浪·裤·甲（内破）	3
断浪·裤·甲（会心）	3
断浪·裤·甲（无双）	3
断浪·头·甲（外攻）	3
断浪·头·甲（内攻）	3
断浪·头·甲（治疗）	3
断浪·头·甲（破招）	3
断浪·头·甲（急速）	3
断浪·腰·甲（体质）	3
断浪·腰·甲（气血）	3
断浪·腰·甲（格挡）	3
断浪·腰·甲（闪避）	3
断浪·腰·甲（外防）	3
断浪·腰·甲（内防）	3
断浪·腰·甲（招架）	3
断浪·腰·甲（化劲）	3
断浪·腰·甲（御劲）	3
断浪·兵·甲（外攻）	3
断浪·兵·甲（内攻）	3
断浪·兵·甲（疗伤）	3
断浪·兵·甲（武伤）	3
断浪·兵·甲（仇恨）	3
断浪·瀑沙磨石（外攻）	3
断浪·坠宵磨石（内攻）	3
断浪·絮泊磨石（疗伤）	3
断浪·巨灵磨石（仇恨）	3
断浪·腕·绣（身法）	4
断浪·腕·绣（元气）	4
断浪·腕·绣（力道）	4
断浪·腕·绣（根骨）	4
断浪·腕·绣（仇恨）	4
断浪·腕·绣（外破）	4
断浪·腕·绣（内破）	4
断浪·腕·绣（会心）	4
断浪·腕·绣（无双）	4
断浪·鞋·绣（外攻）	4
断浪·鞋·绣（内攻）	4
断浪·鞋·绣（治疗）	4
断浪·鞋·绣（破招）	4
断浪·鞋·绣（急速）	4
断浪·衣·绣（体质）	4
断浪·衣·绣（气血）	4
断浪·衣·绣（格挡）	4
断浪·衣·绣（闪避）	4
断浪·衣·绣（外防）	4
断浪·衣·绣（内防）	4
断浪·衣·绣（招架）	4
断浪·衣·绣（化劲）	4
断浪·衣·绣（御劲）	4
断浪·腕·染（身法）	3
断浪·腕·染（元气）	3
断浪·腕·染（力道）	3
断浪·腕·染（根骨）	3
断浪·腕·染（仇恨）	3
断浪·腕·染（外破）	3
断浪·腕·染（内破）	3
断浪·腕·染（会心）	3
断浪·腕·染（无双）	3
断浪·鞋·染（外攻）	3
断浪·鞋·染（内攻）	3
断浪·鞋·染（治疗）	3
断浪·鞋·染（破招）	3
断浪·鞋·染（急速）	3
断浪·衣·染（体质）	3
断浪·衣·染（气血）	3
断浪·衣·染（格挡）	3
断浪·衣·染（闪避）	3
断浪·衣·染（外防）	3
断浪·衣·染（内防）	3
断浪·衣·染（招架）	3
断浪·衣·染（化劲）	3
断浪·衣·染（御劲）	3
断浪·鞋·染（跑速）	3
连雾·裤·会心	3
连雾·腕·会心	3
连雾·头·急速	3
连雾·裤·外破	3
连雾·裤·内破	3
连雾·裤·无双	3
连雾·头·外攻	3
连雾·头·内攻	3
连雾·头·治疗	3
连雾·腕·外破	3
连雾·腕·内破	3
连雾·腕·无双	3
连雾·衣·化劲	3
连雾·衣·御劲	3
连雾·衣·外防	3
连雾·衣·内防	3
连雾·腰·化劲	3
连雾·腰·御劲	3
连雾·腰·外防	3
连雾·腰·内防	3
连雾·鞋·急速	3
连雾·鞋·破招	3
连雾·鞋·外攻	3
连雾·鞋·内攻	3
连雾·衣·无双	3
连雾·衣·减仇	3
连雾·腰·无双	3
连雾·腰·减仇	3
断流心岩·项链（体质）	4
断流心岩·项链（御劲）	4
断流心岩·腰坠（体质）	4
断流心岩·腰坠（化劲）	4
断流心岩·戒指（根骨）	4
断流心岩·戒指（力道）	4
断流心岩·戒指（元气）	4
断流心岩·戒指（身法）	4
断流心岩·戒指（外伤）	4
断流心岩·戒指（内伤）	4
断流心岩·戒指（破招）	4
断流心岩·暗器（根骨）	4
断流心岩·暗器（力道）	4
断流心岩·暗器（元气）	4
断流心岩·暗器（身法）	4
断流心岩·暗器（外破）	4
断流心岩·暗器（内破）	4
断流心岩·暗器（加速）	4
风语·瀑沙熔锭（外攻）	4
风语·坠宵熔锭（内攻）	4
风语·絮泊熔锭（疗伤）	4
风语·巨灵熔锭（仇恨）	4
风语·兵·铸（外攻）	4
风语·兵·铸（内攻）	4
风语·兵·铸（疗伤）	4
风语·兵·铸（武伤）	4
风语·兵·铸（仇恨）	4
风语·裤·铸（身法）	4
风语·裤·铸（元气）	4
风语·裤·铸（力道）	4
风语·裤·铸（根骨）	4
风语·裤·铸（仇恨）	4
风语·裤·铸（外破）	4
风语·裤·铸（内破）	4
风语·裤·铸（会心）	4
风语·裤·铸（无双）	4
风语·头·铸（外攻）	4
风语·头·铸（内攻）	4
风语·头·铸（治疗）	4
风语·头·铸（破招）	4
风语·头·铸（急速）	4
风语·腰·铸（体质）	4
风语·腰·铸（气血）	4
风语·腰·铸（格挡）	4
风语·腰·铸（闪避）	4
风语·腰·铸（外防）	4
风语·腰·铸（内防）	4
风语·腰·铸（招架）	4
风语·腰·铸（御劲）	4
风语·腰·铸（化劲）	4
风语·裤·甲（身法）	3
风语·裤·甲（元气）	3
风语·裤·甲（力道）	3
风语·裤·甲（根骨）	3
风语·裤·甲（仇恨）	3
风语·裤·甲（外破）	3
风语·裤·甲（内破）	3
风语·裤·甲（会心）	3
风语·裤·甲（无双）	3
风语·头·甲（外攻）	3
风语·头·甲（内攻）	3
风语·头·甲（治疗）	3
风语·头·甲（破招）	3
风语·头·甲（急速）	3
风语·腰·甲（体质）	3
风语·腰·甲（气血）	3
风语·腰·甲（格挡）	3
风语·腰·甲（闪避）	3
风语·腰·甲（外防）	3
风语·腰·甲（内防）	3
风语·腰·甲（招架）	3
风语·腰·甲（化劲）	3
风语·腰·甲（御劲）	3
风语·兵·甲（外攻）	3
风语·兵·甲（内攻）	3
风语·兵·甲（疗伤）	3
风语·兵·甲（武伤）	3
风语·兵·甲（仇恨）	3
风语·瀑沙磨石（外攻）	3
风语·坠宵磨石（内攻）	3
风语·絮泊磨石（疗伤）	3
风语·巨灵磨石（仇恨）	3
风语·腕·绣（身法）	4
风语·腕·绣（元气）	4
风语·腕·绣（力道）	4
风语·腕·绣（根骨）	4
风语·腕·绣（仇恨）	4
风语·腕·绣（外破）	4
风语·腕·绣（内破）	4
风语·腕·绣（会心）	4
风语·腕·绣（无双）	4
风语·鞋·绣（外攻）	4
风语·鞋·绣（内攻）	4
风语·鞋·绣（治疗）	4
风语·鞋·绣（破招）	4
风语·鞋·绣（急速）	4
风语·衣·绣（体质）	4
风语·衣·绣（气血）	4
风语·衣·绣（格挡）	4
风语·衣·绣（闪避）	4
风语·衣·绣（外防）	4
风语·衣·绣（内防）	4
风语·衣·绣（招架）	4
风语·衣·绣（化劲）	4
风语·衣·绣（御劲）	4
风语·腕·染（身法）	3
风语·腕·染（元气）	3
风语·腕·染（力道）	3
风语·腕·染（根骨）	3
风语·腕·染（仇恨）	3
风语·腕·染（外破）	3
风语·腕·染（内破）	3
风语·腕·染（会心）	3
风语·腕·染（无双）	3
风语·鞋·染（外攻）	3
风语·鞋·染（内攻）	3
风语·鞋·染（治疗）	3
风语·鞋·染（破招）	3
风语·鞋·染（急速）	3
风语·衣·染（体质）	3
风语·衣·染（气血）	3
风语·衣·染（格挡）	3
风语·衣·染（闪避）	3
风语·衣·染（外防）	3
风语·衣·染（内防）	3
风语·衣·染（招架）	3
风语·衣·染（化劲）	3
风语·衣·染（御劲）	3
风语·鞋·染（跑速）	3
远风·裤·会心	3
远风·腕·会心	3
远风·头·急速	3
远风·裤·外破	3
远风·裤·内破	3
远风·裤·无双	3
远风·头·外攻	3
远风·头·内攻	3
远风·头·治疗	3
远风·腕·外破	3
远风·腕·内破	3
远风·腕·无双	3
远风·衣·化劲	3
远风·衣·御劲	3
远风·衣·外防	3
远风·衣·内防	3
远风·腰·化劲	3
远风·腰·御劲	3
远风·腰·外防	3
远风·腰·内防	3
远风·鞋·急速	3
远风·鞋·破招	3
远风·鞋·外攻	3
远风·鞋·内攻	3
远风·衣·无双	3
远风·衣·减仇	3
远风·腰·无双	3
远风·腰·减仇	3
昆仑玄石·项链（体质）	4
昆仑玄石·项链（御劲）	4
昆仑玄石·腰坠（体质）	4
昆仑玄石·腰坠（化劲）	4
昆仑玄石·戒指（根骨）	4
昆仑玄石·戒指（力道）	4
昆仑玄石·戒指（元气）	4
昆仑玄石·戒指（身法）	4
昆仑玄石·戒指（外攻）	4
昆仑玄石·戒指（内攻）	4
昆仑玄石·戒指（破招）	4
昆仑玄石·暗器（根骨）	4
昆仑玄石·暗器（力道）	4
昆仑玄石·暗器（元气）	4
昆仑玄石·暗器（身法）	4
昆仑玄石·暗器（外破）	4
昆仑玄石·暗器（内破）	4
昆仑玄石·暗器（加速）	4
于阗玉邑·御·腰	4
于阗玉邑·御·鞋	4
于阗玉邑·御·腕	4
于阗玉邑·御·衣	4
于阗玉邑·御·帽	4
于阗玉邑·御·头	4
于阗玉邑·疗·腰	4
于阗玉邑·疗·鞋	4
于阗玉邑·疗·腕	4
于阗玉邑·疗·衣	4
于阗玉邑·疗·帽	4
于阗玉邑·疗·头	4
于阗玉邑·伤·腰	4
于阗玉邑·伤·鞋	4
于阗玉邑·伤·腕	4
于阗玉邑·伤·衣	4
于阗玉邑·伤·帽	4
于阗玉邑·伤·头	4
于阗玉镇·御·腰	4
于阗玉镇·御·鞋	4
于阗玉镇·御·腕	4
于阗玉镇·御·衣	4
于阗玉镇·御·帽	4
于阗玉镇·御·头	4
于阗玉镇·疗·腰	4
于阗玉镇·疗·鞋	4
于阗玉镇·疗·腕	4
于阗玉镇·疗·衣	4
于阗玉镇·疗·帽	4
于阗玉镇·疗·头	4
于阗玉镇·伤·腰	4
于阗玉镇·伤·鞋	4
于阗玉镇·伤·腕	4
于阗玉镇·伤·衣	4
于阗玉镇·伤·帽	4
于阗玉镇·伤·头	4
白虹贯岩·项链（体质）	4
白虹贯岩·项链（根骨）	4
白虹贯岩·项链（力道）	4
白虹贯岩·项链（元气）	4
白虹贯岩·项链（身法）	4
白虹贯岩·腰坠（体质）	4
白虹贯岩·腰坠（会心）	4
白虹贯岩·戒指（根骨）	4
白虹贯岩·戒指（力道）	4
白虹贯岩·戒指（元气）	4
白虹贯岩·戒指（身法）	4
白虹贯岩·戒指（外攻）	4
白虹贯岩·戒指（内攻）	4
白虹贯岩·暗器（根骨）	4
白虹贯岩·暗器（力道）	4
白虹贯岩·暗器（元气）	4
白虹贯岩·暗器（身法）	4
白虹贯岩·暗器（外破）	4
白虹贯岩·暗器（内破）	4
白虹贯岩·暗器（加速）	4
荆岫璞玉·项链（体质）	4
荆岫璞玉·项链（御劲）	4
荆岫璞玉·腰坠（体质）	4
荆岫璞玉·腰坠（化劲）	4
荆岫璞玉·戒指（根骨）	4
荆岫璞玉·戒指（力道）	4
荆岫璞玉·戒指（元气）	4
荆岫璞玉·戒指（身法）	4
荆岫璞玉·戒指（外攻）	4
荆岫璞玉·戒指（内攻）	4
荆岫璞玉·暗器（根骨）	4
荆岫璞玉·暗器（力道）	4
荆岫璞玉·暗器（元气）	4
荆岫璞玉·暗器（身法）	4
荆岫璞玉·暗器（外破）	4
荆岫璞玉·暗器（内破）	4
荆岫璞玉·暗器（加速）	4
于阗玉川·御·腰	4
于阗玉川·御·鞋	4
于阗玉川·御·腕	4
于阗玉川·御·衣	4
于阗玉川·御·帽	4
于阗玉川·御·头	4
于阗玉川·疗·腰	4
于阗玉川·疗·鞋	4
于阗玉川·疗·腕	4
于阗玉川·疗·衣	4
于阗玉川·疗·帽	4
于阗玉川·疗·头	4
于阗玉川·伤·腰	4
于阗玉川·伤·鞋	4
于阗玉川·伤·腕	4
于阗玉川·伤·衣	4
于阗玉川·伤·帽	4
于阗玉川·伤·头	4
密玉神山·纵·腰	4
密玉神山·横·腰	4
密玉神山·纵·鞋	4
密玉神山·横·鞋	4
密玉神山·纵·腕	4
密玉神山·横·腕	4
密玉神山·纵·衣	4
密玉神山·横·衣	4
密玉神山·纵·帽	4
密玉神山·纵·头	4
密玉神山·横·帽	4
密玉神山·横·头	4
密玉神墟·纵·腰	4
密玉神墟·横·腰	4
密玉神墟·纵·鞋	4
密玉神墟·横·鞋	4
密玉神墟·纵·腕	4
密玉神墟·横·腕	4
密玉神墟·纵·衣	4
密玉神墟·横·衣	4
密玉神墟·纵·帽	4
密玉神墟·纵·头	4
密玉神墟·横·帽	4
密玉神墟·横·头	4
山海·白虹·项链（体质）	4
山海·白虹·项链（根骨）	4
山海·白虹·项链（力道）	4
山海·白虹·项链（元气）	4
山海·白虹·项链（身法）	4
山海·白虹·腰坠（体质）	4
山海·白虹·腰坠（会心）	4
山海·白虹·戒指（根骨）	4
山海·白虹·戒指（力道）	4
山海·白虹·戒指（元气）	4
山海·白虹·戒指（身法）	4
山海·白虹·戒指（外攻）	4
山海·白虹·戒指（内攻）	4
山海·白虹·暗器（根骨）	4
山海·白虹·暗器（力道）	4
山海·白虹·暗器（元气）	4
山海·白虹·暗器（身法）	4
山海·白虹·暗器（外破）	4
山海·白虹·暗器（内破）	4
山海·白虹·暗器（加速）	4
山海·荆岫·项链（体质）	4
山海·荆岫·项链（御劲）	4
山海·荆岫·腰坠（体质）	4
山海·荆岫·腰坠（化劲）	4
山海·荆岫·戒指（根骨）	4
山海·荆岫·戒指（力道）	4
山海·荆岫·戒指（元气）	4
山海·荆岫·戒指（身法）	4
山海·荆岫·戒指（外攻）	4
山海·荆岫·戒指（内攻）	4
山海·荆岫·暗器（根骨）	4
山海·荆岫·暗器（力道）	4
山海·荆岫·暗器（元气）	4
山海·荆岫·暗器（身法）	4
山海·荆岫·暗器（外破）	4
山海·荆岫·暗器（内破）	4
山海·荆岫·暗器（加速）	4
于阗玉邦·御·腰	4
于阗玉邦·御·鞋	4
于阗玉邦·御·腕	4
于阗玉邦·御·衣	4
于阗玉邦·御·帽	4
于阗玉邦·御·头	4
于阗玉邦·疗·腰	4
于阗玉邦·疗·鞋	4
于阗玉邦·疗·腕	4
于阗玉邦·疗·衣	4
于阗玉邦·疗·帽	4
于阗玉邦·疗·头	4
于阗玉邦·伤·腰	4
于阗玉邦·伤·鞋	4
于阗玉邦·伤·腕	4
于阗玉邦·伤·衣	4
于阗玉邦·伤·帽	4
于阗玉邦·伤·头	4
密玉神阆·纵·腰	4
密玉神阆·横·腰	4
密玉神阆·纵·鞋	4
密玉神阆·横·鞋	4
密玉神阆·纵·腕	4
密玉神阆·横·腕	4
密玉神阆·纵·衣	4
密玉神阆·横·衣	4
密玉神阆·纵·帽	4
密玉神阆·纵·头	4
密玉神阆·横·帽	4
密玉神阆·横·头	4
密玉神域·纵·腰	4
密玉神域·横·腰	4
密玉神域·纵·鞋	4
密玉神域·横·鞋	4
密玉神域·纵·腕	4
密玉神域·横·腕	4
密玉神域·纵·衣	4
密玉神域·横·衣	4
密玉神域·纵·帽	4
密玉神域·纵·头	4
密玉神域·横·帽	4
密玉神域·横·头	4
暗影·白虹·项链（体质）	4
暗影·白虹·项链（根骨）	4
暗影·白虹·项链（力道）	4
暗影·白虹·项链（元气）	4
暗影·白虹·项链（身法）	4
暗影·白虹·腰坠（体质）	4
暗影·白虹·腰坠（会心）	4
暗影·白虹·戒指（根骨）	4
暗影·白虹·戒指（力道）	4
暗影·白虹·戒指（元气）	4
暗影·白虹·戒指（身法）	4
暗影·白虹·戒指（外攻）	4
暗影·白虹·戒指（内攻）	4
暗影·白虹·暗器（根骨）	4
暗影·白虹·暗器（力道）	4
暗影·白虹·暗器（元气）	4
暗影·白虹·暗器（身法）	4
暗影·白虹·暗器（外破）	4
暗影·白虹·暗器（内破）	4
暗影·白虹·暗器（加速）	4
暗影·荆岫·项链（体质）	4
暗影·荆岫·项链（御劲）	4
暗影·荆岫·腰坠（体质）	4
暗影·荆岫·腰坠（化劲）	4
暗影·荆岫·戒指（根骨）	4
暗影·荆岫·戒指（力道）	4
暗影·荆岫·戒指（元气）	4
暗影·荆岫·戒指（身法）	4
暗影·荆岫·戒指（外攻）	4
暗影·荆岫·戒指（内攻）	4
暗影·荆岫·暗器（根骨）	4
暗影·荆岫·暗器（力道）	4
暗影·荆岫·暗器（元气）	4
暗影·荆岫·暗器（身法）	4
暗影·荆岫·暗器（外破）	4
暗影·荆岫·暗器（内破）	4
暗影·荆岫·暗器（加速）	4
阆风仙玉·项链（体质）	4
阆风仙玉·项链（御劲）	4
阆风仙玉·腰坠（体质）	4
阆风仙玉·腰坠（化劲）	4
阆风仙玉·戒指（根骨）	4
阆风仙玉·戒指（力道）	4
阆风仙玉·戒指（元气）	4
阆风仙玉·戒指（身法）	4
阆风仙玉·戒指（外伤）	4
阆风仙玉·戒指（内伤）	4
阆风仙玉·戒指（破招）	4
阆风仙玉·暗器（根骨）	4
阆风仙玉·暗器（力道）	4
阆风仙玉·暗器（元气）	4
阆风仙玉·暗器（身法）	4
阆风仙玉·暗器（外破）	4
阆风仙玉·暗器（内破）	4
阆风仙玉·暗器（加速）	4
于阗玉都·御·腰	4
于阗玉都·御·鞋	4
于阗玉都·御·腕	4
于阗玉都·御·衣	4
于阗玉都·御·帽	4
于阗玉都·御·头	4
于阗玉都·疗·腰	4
于阗玉都·疗·鞋	4
于阗玉都·疗·腕	4
于阗玉都·疗·衣	4
于阗玉都·疗·帽	4
于阗玉都·疗·头	4
于阗玉都·伤·腰	4
于阗玉都·伤·鞋	4
于阗玉都·伤·腕	4
于阗玉都·伤·衣	4
于阗玉都·伤·帽	4
于阗玉都·伤·头	4
密玉神峰·纵·腕	4
密玉神峰·横·腕	4
密玉神峰·纵·腰	4
密玉神峰·横·腰	4
密玉神峰·纵·帽	4
密玉神峰·纵·头	4
密玉神峰·横·帽	4
密玉神峰·横·头	4
密玉神峰·纵·衣	4
密玉神峰·横·衣	4
密玉神峰·纵·鞋	4
密玉神峰·横·鞋	4
密玉神界·纵·腕	4
密玉神界·横·腕	4
密玉神界·纵·腰	4
密玉神界·横·腰	4
密玉神界·纵·帽	4
密玉神界·纵·头	4
密玉神界·横·帽	4
密玉神界·横·头	4
密玉神界·纵·衣	4
密玉神界·横·衣	4
密玉神界·纵·鞋	4
密玉神界·横·鞋	4
